trade_id,entry_time,exit_time,direction,entry_price,exit_price,pnl_pips,pnl_dollars,exit_reason,session,day_of_week,prior_4h_direction,atr_at_entry,holding_bars,sample
T526,2020-01-31 15:00:00,2020-02-03 09:00:00,LONG,1.10917,1.1046799999999999,-44.90000000000105,-211.25450000000495,turtle_exit,NONE,Friday,NA,0.0009577340324377567,66,IS
T597,2020-02-05 14:00:00,2020-02-14 08:00:00,SHORT,1.09947,1.08556,139.09999999999866,751.1399999999928,turtle_exit,NONE,Wednesday,NA,0.0008013187336953233,210,IS
T794,2020-02-17 19:00:00,2020-02-19 15:00:00,SHORT,1.0824500000000001,1.08105,14.000000000000679,90.8740000000044,turtle_exit,NONE,Monday,NA,0.000706905131265378,44,IS
T1102,2020-03-05 15:00:00,2020-03-10 00:00:00,LONG,1.12293,1.1340899999999998,111.59999999999836,282.90599999999586,turtle_exit,NONE,Thursday,NA,0.001991754092374556,105,IS
T1443,2020-03-25 19:00:00,2020-03-27 07:00:00,LONG,1.09228,1.0985399999999998,62.59999999999932,107.92239999999882,turtle_exit,NONE,Wednesday,NA,0.003059603831553271,36,IS
T1484,2020-03-27 12:00:00,2020-03-31 04:00:00,LONG,1.10995,1.0978199999999998,-121.30000000000196,-204.2692000000033,turtle_exit,NONE,Friday,NA,0.003168102145959168,88,IS
T1579,2020-04-02 13:00:00,2020-04-07 00:00:00,SHORT,1.0824500000000001,1.0826600000000002,-2.100000000000435,-4.183200000000866,turtle_exit,NONE,Thursday,NA,0.0026102005778880595,107,IS
T1773,2020-04-14 15:00:00,2020-04-15 03:00:00,LONG,1.0987,1.0929,-58.00000000000027,-190.7040000000009,turtle_exit,NONE,Tuesday,NA,0.0015393662649769012,12,IS
T1914,2020-04-22 12:00:00,2020-04-24 10:00:00,SHORT,1.0814300000000001,1.0814100000000002,0.1999999999990898,0.6313999999971265,turtle_exit,NONE,Wednesday,NA,0.0015770723104068147,46,IS
T2234,2020-05-11 20:00:00,2020-05-12 07:00:00,SHORT,1.0791,1.08491,-58.100000000000925,-221.30290000000355,turtle_exit,NONE,Monday,NA,0.0012895864392380115,11,IS
T2492,2020-05-26 14:00:00,2020-06-05 08:00:00,LONG,1.09951,1.1294899999999999,299.79999999999893,1109.8595999999961,turtle_exit,NONE,Tuesday,NA,0.0012999385502301154,234,IS
T2756,2020-06-10 14:00:00,2020-06-11 13:00:00,LONG,1.13922,1.1317599999999999,-74.60000000000022,-186.35080000000056,turtle_exit,NONE,Wednesday,NA,0.0021990032985364913,23,IS
T2803,2020-06-12 13:00:00,2020-06-15 09:00:00,SHORT,1.12227,1.12779,-55.19999999999969,-124.6415999999993,turtle_exit,NONE,Friday,NA,0.002402865979929476,68,IS
T2898,2020-06-18 12:00:00,2020-06-19 08:00:00,SHORT,1.1192,1.12383,-46.30000000000134,-132.92730000000387,turtle_exit,NONE,Thursday,NA,0.0018457517038635589,20,IS
T2952,2020-06-22 18:00:00,2020-06-24 09:00:00,LONG,1.1274,1.12662,-7.800000000000029,-28.384200000000106,turtle_exit,NONE,Monday,NA,0.0014156794848754059,39,IS
T3336,2020-07-14 18:00:00,2020-07-16 05:00:00,LONG,1.141,1.1380299999999999,-29.700000000001392,-112.32540000000526,turtle_exit,NONE,Tuesday,NA,0.001354353535666956,35,IS
T3450,2020-07-21 12:00:00,2020-07-23 08:00:00,LONG,1.15175,1.1541499999999998,23.999999999997357,67.60799999999256,turtle_exit,NONE,Tuesday,NA,0.0018348124665837663,44,IS
T3523,2020-07-24 13:00:00,2020-07-28 03:00:00,LONG,1.16419,1.17102,68.29999999999892,201.8264999999968,turtle_exit,NONE,Friday,NA,0.0017553990097239078,86,IS
T3595,2020-07-29 13:00:00,2020-07-31 12:00:00,LONG,1.17882,1.17906,2.4000000000001798,7.428000000000556,turtle_exit,NONE,Wednesday,NA,0.001703513438788255,47,IS
T3794,2020-08-10 20:00:00,2020-08-11 06:00:00,SHORT,1.17233,1.17913,-67.99999999999918,-238.06799999999708,turtle_exit,NONE,Monday,NA,0.0014951385969335848,10,IS
T3914,2020-08-17 20:00:00,2020-08-19 10:00:00,LONG,1.18918,1.18997,7.900000000000684,31.04700000000269,turtle_exit,NONE,Monday,NA,0.0012903369511702658,38,IS
T4436,2020-09-16 14:00:00,2020-09-17 11:00:00,SHORT,1.17983,1.18233,-25.000000000001688,-74.62500000000503,turtle_exit,NONE,Wednesday,NA,0.0017369484292570029,21,IS
T4538,2020-09-22 20:00:00,2020-09-28 05:00:00,SHORT,1.1679,1.1646400000000001,32.59999999999818,101.64679999999436,turtle_exit,NONE,Tuesday,NA,0.0016462379434909547,129,IS
T4890,2020-10-13 12:00:00,2020-10-14 08:00:00,SHORT,1.1733200000000001,1.1761700000000002,-28.500000000000192,-118.2180000000008,turtle_exit,NONE,Tuesday,NA,0.0012237221804397426,20,IS
T5134,2020-10-27 15:00:00,2020-10-30 07:00:00,SHORT,1.17937,1.1699700000000002,93.99999999999852,387.09199999999396,turtle_exit,NONE,Tuesday,NA,0.0012191631839538275,64,IS
T5259,2020-11-03 21:00:00,2020-11-05 02:00:00,SHORT,1.16179,1.17462,-128.29999999999896,-300.7351999999976,turtle_exit,NONE,Tuesday,NA,0.0023039473951191975,29,IS
T5451,2020-11-15 21:00:00,2020-11-16 08:00:00,LONG,1.1851099999999999,1.18204,-30.69999999999906,-138.57979999999577,turtle_exit,NONE,Sunday,NA,0.0011125387564328774,11,IS
T5714,2020-12-01 15:00:00,2020-12-04 15:00:00,LONG,1.20732,1.2126599999999998,53.399999999999004,182.4677999999966,turtle_exit,NONE,Tuesday,NA,0.0014832407913027824,72,IS
T6185,2020-12-29 20:00:00,2020-12-31 10:00:00,LONG,1.22919,1.2238099999999998,-53.800000000001624,-189.80640000000574,turtle_exit,NONE,Tuesday,NA,0.0014591802428060578,38,IS
T6226,2020-12-31 13:00:00,2021-01-04 04:00:00,SHORT,1.22153,1.2293800000000001,-78.50000000000134,-240.91650000000413,turtle_exit,NONE,Thursday,NA,0.0016617700320188944,87,IS
T6346,2021-01-08 13:00:00,2021-01-12 13:00:00,SHORT,1.21937,1.21876,6.099999999999994,14.121499999999987,turtle_exit,NONE,Friday,NA,0.002185525484331274,96,IS
T6466,2021-01-15 13:00:00,2021-01-18 20:00:00,SHORT,1.20792,1.20937,-14.499999999999513,-48.31399999999838,turtle_exit,NONE,Friday,NA,0.0014885320671142418,79,IS
T6732,2021-02-01 15:00:00,2021-02-05 07:00:00,SHORT,1.2055200000000001,1.19899,65.30000000000146,220.77930000000498,turtle_exit,NONE,Monday,NA,0.00145839747576814,88,IS
T6858,2021-02-08 21:00:00,2021-02-12 02:00:00,LONG,1.2080899999999999,1.2114699999999998,33.799999999999386,140.84459999999746,turtle_exit,NONE,Monday,NA,0.00118985408416906,77,IS
T7096,2021-02-22 19:00:00,2021-02-24 08:00:00,LONG,1.2171699999999999,1.21328,-38.89999999999949,-152.526899999998,turtle_exit,NONE,Monday,NA,0.0012891694137753575,37,IS
T7188,2021-02-26 15:00:00,2021-03-02 10:00:00,SHORT,1.20641,1.20628,1.2999999999996348,3.23829999999909,turtle_exit,NONE,Friday,NA,0.0020586993830412842,91,IS
T7282,2021-03-04 13:00:00,2021-03-09 03:00:00,SHORT,1.19669,1.18965,70.39999999999935,210.56639999999805,turtle_exit,NONE,Thursday,NA,0.0016978514964213715,110,IS
T7402,2021-03-11 13:00:00,2021-03-12 04:00:00,LONG,1.19869,1.19172,-69.70000000000142,-220.46110000000456,turtle_exit,NONE,Thursday,NA,0.0016328725086790351,15,IS
T7499,2021-03-17 13:00:00,2021-03-19 04:00:00,LONG,1.19784,1.18928,-85.60000000000123,-284.3632000000041,turtle_exit,NONE,Wednesday,NA,0.001516283894156095,39,IS
T7594,2021-03-23 12:00:00,2021-03-31 04:00:00,SHORT,1.18557,1.17467,108.99999999999909,410.8209999999966,turtle_exit,NONE,Tuesday,NA,0.0012864606319936405,184,IS
T7808,2021-04-05 12:00:00,2021-04-09 06:00:00,LONG,1.1817199999999999,1.18831,65.90000000000096,282.1838000000041,turtle_exit,NONE,Monday,NA,0.0011678754199539241,90,IS
T7954,2021-04-13 14:00:00,2021-04-15 08:00:00,LONG,1.19478,1.19577,9.900000000000464,40.75830000000191,turtle_exit,NONE,Tuesday,NA,0.0012531130002002668,42,IS
T8144,2021-04-23 12:00:00,2021-04-26 09:00:00,LONG,1.2078,1.20658,-12.199999999999989,-51.056999999999945,turtle_exit,NONE,Friday,NA,0.001235990713078905,69,IS
T8218,2021-04-28 14:00:00,2021-04-30 03:00:00,LONG,1.21247,1.2101499999999998,-23.200000000000998,-83.05600000000356,turtle_exit,NONE,Wednesday,NA,0.001455502512377912,37,IS
T8265,2021-04-30 13:00:00,2021-05-03 10:00:00,SHORT,1.20207,1.20737,-53.000000000000824,-211.5760000000033,turtle_exit,NONE,Friday,NA,0.0012839789174356173,69,IS
T8386,2021-05-07 14:00:00,2021-05-10 16:00:00,LONG,1.2166599999999999,1.21277,-38.89999999999949,-117.12789999999845,turtle_exit,NONE,Friday,NA,0.0017014904354217025,74,IS
T8697,2021-05-26 13:00:00,2021-05-31 20:00:00,SHORT,1.2186000000000001,1.223,-43.999999999999595,-167.41999999999845,turtle_exit,NONE,Wednesday,NA,0.001308779936980295,127,IS
T8756,2021-05-31 20:00:00,2021-06-01 16:00:00,LONG,1.22308,1.22121,-18.700000000000383,-71.39660000000146,turtle_exit,NONE,Monday,NA,0.0012823070496007969,20,IS
T8820,2021-06-03 12:00:00,2021-06-04 08:00:00,SHORT,1.2119,1.2168,-49.000000000001265,-188.94400000000488,turtle_exit,NONE,Thursday,NA,0.0012593761787658196,20,IS
T9038,2021-06-16 14:00:00,2021-06-21 05:00:00,SHORT,1.20165,1.18982,118.30000000000007,416.6526000000003,turtle_exit,NONE,Wednesday,NA,0.0013618144080565586,111,IS
T9446,2021-07-09 14:00:00,2021-07-12 05:00:00,LONG,1.18776,1.18522,-25.399999999999867,-115.06199999999939,turtle_exit,NONE,Friday,NA,0.0010813503763022923,63,IS
T9493,2021-07-13 13:00:00,2021-07-14 08:00:00,SHORT,1.17865,1.1822400000000002,-35.90000000000204,-124.75250000000709,turtle_exit,NONE,Tuesday,NA,0.0014251429344324395,19,IS
T9759,2021-07-28 15:00:00,2021-07-30 10:00:00,LONG,1.1848699999999999,1.18584,9.700000000001374,31.23400000000443,turtle_exit,NONE,Wednesday,NA,0.0015266915813057426,43,IS
T9884,2021-08-04 20:00:00,2021-08-05 07:00:00,SHORT,1.18304,1.1855600000000002,-25.200000000000777,-118.01160000000364,turtle_exit,NONE,Wednesday,NA,0.0010202448372896881,11,IS
T9908,2021-08-05 20:00:00,2021-08-11 08:00:00,SHORT,1.1824000000000001,1.17371,86.90000000000086,431.4585000000043,turtle_exit,NONE,Thursday,NA,0.000944507805202065,132,IS
T10092,2021-08-17 12:00:00,2021-08-20 11:00:00,SHORT,1.17072,1.1690800000000001,16.399999999998638,78.83479999999345,turtle_exit,NONE,Tuesday,NA,0.0010239860891289921,71,IS
T10190,2021-08-23 14:00:00,2021-08-26 20:00:00,LONG,1.1749399999999999,1.1744599999999998,-4.8000000000003595,-22.569600000001692,turtle_exit,NONE,Monday,NA,0.001057628414566652,78,IS
T10292,2021-08-29 20:00:00,2021-08-30 08:00:00,LONG,1.1805999999999999,1.17857,-20.299999999999763,-94.1513999999989,turtle_exit,NONE,Sunday,NA,0.0010711360488810905,12,IS
T10382,2021-09-02 14:00:00,2021-09-06 03:00:00,LONG,1.18759,1.18624,-13.499999999999623,-70.88849999999802,turtle_exit,NONE,Thursday,NA,0.0009248056228989995,85,IS
T10644,2021-09-17 12:00:00,2021-09-20 21:00:00,SHORT,1.17241,1.1739300000000001,-15.200000000001879,-68.06560000000842,turtle_exit,NONE,Friday,NA,0.0010947538166272907,81,IS
T10718,2021-09-22 14:00:00,2021-10-01 08:00:00,SHORT,1.16924,1.1604,88.39999999999958,358.90399999999835,turtle_exit,NONE,Wednesday,NA,0.0012098182001370177,210,IS
T11052,2021-10-12 12:00:00,2021-10-13 06:00:00,SHORT,1.15269,1.1562400000000002,-35.50000000000164,-165.85600000000767,turtle_exit,NONE,Tuesday,NA,0.0010761582118353394,18,IS
T11077,2021-10-13 13:00:00,2021-10-17 20:00:00,LONG,1.15903,1.15835,-6.800000000000139,-30.18520000000062,turtle_exit,NONE,Wednesday,NA,0.001119430079302867,103,IS
T11156,2021-10-18 20:00:00,2021-10-20 03:00:00,LONG,1.16263,1.1623899999999998,-2.4000000000024,-12.304800000012307,turtle_exit,NONE,Monday,NA,0.0009522156103059023,31,IS
T11364,2021-10-29 12:00:00,2021-11-01 07:00:00,SHORT,1.15371,1.15781,-40.99999999999992,-130.33899999999977,turtle_exit,NONE,Friday,NA,0.0015978187697739984,67,IS
T11557,2021-11-10 13:00:00,2021-11-17 21:00:00,SHORT,1.14972,1.1334600000000001,162.5999999999994,506.82419999999814,turtle_exit,NONE,Wednesday,NA,0.0016110846382903997,176,IS
T11750,2021-11-22 14:00:00,2021-11-25 03:00:00,SHORT,1.1230200000000001,1.1225800000000001,4.3999999999999595,14.484799999999867,turtle_exit,NONE,Monday,NA,0.0015966621076584833,61,IS
T11847,2021-11-26 15:00:00,2021-11-29 02:00:00,LONG,1.13245,1.12634,-61.1000000000006,-217.02720000000213,turtle_exit,NONE,Friday,NA,0.0014741317311477284,59,IS
T12134,2021-12-14 14:00:00,2021-12-15 15:00:00,SHORT,1.12545,1.1288,-33.49999999999964,-140.1974999999985,turtle_exit,NONE,Tuesday,NA,0.001209214610157102,25,IS
T12566,2022-01-07 14:00:00,2022-01-10 07:00:00,LONG,1.13641,1.13157,-48.39999999999955,-188.71159999999827,turtle_exit,NONE,Friday,NA,0.0012878268647954052,65,IS
T12638,2022-01-12 14:00:00,2022-01-14 07:00:00,LONG,1.14512,1.14431,-8.099999999999774,-30.707099999999144,turtle_exit,NONE,Wednesday,NA,0.001302579493666914,41,IS
T12735,2022-01-18 15:00:00,2022-01-19 20:00:00,SHORT,1.13158,1.1360400000000002,-44.6000000000013,-167.2500000000049,turtle_exit,NONE,Tuesday,NA,0.0013140951722870214,29,IS
T12782,2022-01-20 14:00:00,2022-01-21 08:00:00,SHORT,1.1311,1.13504,-39.400000000000546,-146.05580000000202,turtle_exit,NONE,Thursday,NA,0.001308023725909494,18,IS
T12878,2022-01-26 14:00:00,2022-01-28 08:00:00,SHORT,1.1254,1.11691,84.89999999999885,327.7139999999956,turtle_exit,NONE,Wednesday,NA,0.0012327257105497144,42,IS
T13028,2022-02-03 20:00:00,2022-02-04 09:00:00,LONG,1.14532,1.1415,-38.19999999999934,-115.02019999999801,turtle_exit,NONE,Thursday,NA,0.001664565193047225,13,IS
T13165,2022-02-11 13:00:00,2022-02-15 03:00:00,SHORT,1.13493,1.13464,2.8999999999990145,7.325399999997511,turtle_exit,NONE,Friday,NA,0.001981469111603395,86,IS
T13363,2022-02-23 19:00:00,2022-02-25 11:00:00,SHORT,1.12747,1.12596,15.099999999999003,54.057999999996426,turtle_exit,NONE,Wednesday,NA,0.0013682450363716042,40,IS
T13507,2022-03-03 19:00:00,2022-03-08 12:00:00,SHORT,1.10111,1.0942500000000002,68.59999999999866,178.1541999999965,turtle_exit,NONE,Thursday,NA,0.0019363657329966575,113,IS
T13645,2022-03-11 13:00:00,2022-03-15 02:00:00,SHORT,1.09018,1.10054,-103.60000000000146,-197.35800000000282,turtle_exit,NONE,Friday,NA,0.00272441052369455,85,IS
T13719,2022-03-16 14:00:00,2022-03-18 05:00:00,LONG,1.1046099999999999,1.10377,-8.399999999999519,-16.61519999999905,turtle_exit,NONE,Wednesday,NA,0.002570350249369322,39,IS
T13796,2022-03-21 19:00:00,2022-03-24 20:00:00,SHORT,1.09852,1.10329,-47.70000000000163,-156.21750000000534,turtle_exit,NONE,Monday,NA,0.0015081876589421112,73,IS
T13963,2022-03-30 20:00:00,2022-03-31 05:00:00,LONG,1.11751,1.1111,-64.10000000000026,-184.86440000000076,turtle_exit,NONE,Wednesday,NA,0.0017001202772634456,9,IS
T14027,2022-04-04 12:00:00,2022-04-06 08:00:00,SHORT,1.09735,1.09336,39.89999999999938,132.02909999999795,turtle_exit,NONE,Monday,NA,0.0014402733206039238,44,IS
T14106,2022-04-07 19:00:00,2022-04-10 17:00:00,SHORT,1.08627,1.0908900000000001,-46.200000000000685,-139.57020000000205,turtle_exit,NONE,Thursday,NA,0.0016094492376669736,70,IS
T14172,2022-04-12 13:00:00,2022-04-13 11:00:00,SHORT,1.0827200000000001,1.08722,-44.99999999999948,-121.7699999999986,turtle_exit,NONE,Tuesday,NA,0.0017829392472577664,22,IS
T14557,2022-05-04 14:00:00,2022-05-05 11:00:00,LONG,1.0616999999999999,1.0506099999999998,-110.90000000000043,-235.77340000000092,turtle_exit,NONE,Wednesday,NA,0.0022696949640627897,21,IS
T14699,2022-05-12 12:00:00,2022-05-16 04:00:00,SHORT,1.0356400000000001,1.04332,-76.79999999999909,-143.30879999999829,turtle_exit,NONE,Thursday,NA,0.0025374622688373767,88,IS
T14820,2022-05-19 13:00:00,2022-05-25 03:00:00,LONG,1.0605799999999999,1.06835,77.70000000000054,173.65950000000123,turtle_exit,NONE,Thursday,NA,0.002068467918259683,134,IS
T14947,2022-05-26 20:00:00,2022-05-27 06:00:00,LONG,1.07411,1.0697999999999999,-43.10000000000036,-130.5930000000011,turtle_exit,NONE,Thursday,NA,0.001527410487100362,10,IS
T14987,2022-05-30 12:00:00,2022-05-31 02:00:00,LONG,1.07873,1.0733199999999998,-54.100000000001366,-160.35240000000405,turtle_exit,NONE,Monday,NA,0.0015416735603136983,14,IS
T15067,2022-06-02 20:00:00,2022-06-03 08:00:00,LONG,1.07603,1.0715599999999998,-44.70000000000196,-145.27500000000637,turtle_exit,NONE,Thursday,NA,0.0013718143267599443,12,IS
T15180,2022-06-09 13:00:00,2022-06-16 10:00:00,SHORT,1.06375,1.0495,142.49999999999872,309.0824999999973,turtle_exit,NONE,Thursday,NA,0.0020740808020346907,165,IS
T15299,2022-06-16 12:00:00,2022-06-17 07:00:00,LONG,1.05613,1.04852,-76.10000000000116,-114.75880000000176,turtle_exit,NONE,Thursday,NA,0.0031334038706893495,19,IS
T15515,2022-06-29 12:00:00,2022-06-30 12:00:00,SHORT,1.04443,1.0483,-38.7000000000004,-89.35830000000092,turtle_exit,NONE,Wednesday,NA,0.001983990371223024,24,IS
T15710,2022-07-11 15:00:00,2022-07-13 10:00:00,SHORT,1.0043900000000001,1.0107700000000002,-63.80000000000052,-133.8524000000011,turtle_exit,NONE,Monday,NA,0.0021729942633322567,43,IS
T16075,2022-08-01 20:00:00,2022-08-02 03:00:00,LONG,1.02877,1.0224,-63.69999999999987,-146.4462999999997,turtle_exit,NONE,Monday,NA,0.001944699319219153,7,IS
T16098,2022-08-02 19:00:00,2022-08-04 10:00:00,SHORT,1.0155,1.0212100000000002,-57.10000000000104,-136.41190000000248,turtle_exit,NONE,Tuesday,NA,0.0018371665345495941,39,IS
T16141,2022-08-04 14:00:00,2022-08-05 08:00:00,LONG,1.02511,1.0157299999999998,-93.80000000000166,-222.86880000000394,turtle_exit,NONE,Thursday,NA,0.0018193821471087673,18,IS
T16307,2022-08-15 12:00:00,2022-08-16 10:00:00,SHORT,1.01743,1.01791,-4.8000000000003595,-12.192000000000913,turtle_exit,NONE,Monday,NA,0.0016505801302219736,22,IS
T16379,2022-08-18 12:00:00,2022-08-23 09:00:00,SHORT,1.00887,0.9998,90.69999999999911,209.06349999999796,turtle_exit,NONE,Thursday,NA,0.0018274099776675321,117,IS
T16530,2022-08-28 19:00:00,2022-08-29 08:00:00,SHORT,0.99346,1.0009100000000002,-74.50000000000178,-158.7595000000038,turtle_exit,NONE,Sunday,NA,0.0020338682974549113,13,IS
T16716,2022-09-07 13:00:00,2022-09-08 09:00:00,LONG,0.99979,0.99642,-33.69999999999984,-64.2321999999997,turtle_exit,NONE,Wednesday,NA,0.0022445095563226334,20,IS
T16747,2022-09-08 20:00:00,2022-09-13 08:00:00,LONG,1.0045199999999999,1.00366,-8.599999999998609,-17.75039999999713,turtle_exit,NONE,Thursday,NA,0.0020495905211090006,108,IS
T16812,2022-09-13 13:00:00,2022-09-16 10:00:00,SHORT,0.9986400000000001,1.0030700000000001,-44.300000000000445,-73.98100000000075,turtle_exit,NONE,Tuesday,NA,0.002552428945883165,69,IS
T17004,2022-09-23 13:00:00,2022-09-28 09:00:00,SHORT,0.96894,0.96054,84.00000000000074,141.62400000000125,turtle_exit,NONE,Friday,NA,0.0025060464314196514,116,IS
T17102,2022-09-29 15:00:00,2022-09-30 07:00:00,LONG,0.98019,0.97458,-56.10000000000004,-81.62550000000006,turtle_exit,NONE,Thursday,NA,0.0029695224837076976,16,IS
T17173,2022-10-04 14:00:00,2022-10-05 07:00:00,LONG,0.9999,0.99046,-94.40000000000003,-156.04320000000007,turtle_exit,NONE,Tuesday,NA,0.0025757901664268308,17,IS
T17219,2022-10-06 12:00:00,2022-10-11 11:00:00,SHORT,0.9801000000000001,0.97563,44.70000000000085,75.36420000000143,turtle_exit,NONE,Thursday,NA,0.002477087300480621,119,IS
T17562,2022-10-26 19:00:00,2022-10-27 08:00:00,LONG,1.00945,1.0005499999999998,-89.0000000000013,-184.4970000000027,turtle_exit,NONE,Wednesday,NA,0.0020136371360373055,13,IS
T17678,2022-11-02 14:00:00,2022-11-04 06:00:00,SHORT,0.98272,0.97973,29.90000000000048,47.03270000000076,turtle_exit,NONE,Wednesday,NA,0.002628162327613754,40,IS
T17748,2022-11-07 13:00:00,2022-11-09 08:00:00,LONG,1.0031999999999999,1.00278,-4.199999999998649,-7.261799999997665,turtle_exit,NONE,Monday,NA,0.002395321401632501,43,IS
T17822,2022-11-10 15:00:00,2022-11-15 13:00:00,LONG,1.01978,1.0308499999999998,110.69999999999912,149.00219999999882,turtle_exit,NONE,Thursday,NA,0.003102395530579135,118,IS
T18037,2022-11-23 14:00:00,2022-11-25 04:00:00,LONG,1.04019,1.03928,-9.099999999999664,-18.027099999999333,turtle_exit,NONE,Wednesday,NA,0.0021129127124130715,38,IS
T18109,2022-11-28 14:00:00,2022-11-30 14:00:00,SHORT,1.0336400000000001,1.04139,-77.49999999999923,-133.45499999999868,turtle_exit,NONE,Monday,NA,0.0024412009518904646,48,IS
T18162,2022-11-30 19:00:00,2022-12-02 08:00:00,LONG,1.04392,1.0461799999999999,22.599999999999287,35.120399999998895,turtle_exit,NONE,Wednesday,NA,0.0026736373190794738,37,IS
T18211,2022-12-04 20:00:00,2022-12-05 11:00:00,LONG,1.05691,1.0492599999999999,-76.50000000000156,-128.44350000000262,turtle_exit,NONE,Sunday,NA,0.002476356502650702,15,IS
T18307,2022-12-08 20:00:00,2022-12-15 12:00:00,LONG,1.05801,1.05985,18.400000000000638,43.405600000001506,turtle_exit,NONE,Thursday,NA,0.001705540638768973,160,IS
T18540,2022-12-22 13:00:00,2022-12-26 16:00:00,SHORT,1.05779,1.06366,-58.700000000000415,-131.31190000000095,turtle_exit,NONE,Thursday,NA,0.0018136628717854973,99,IS
T18591,2022-12-26 16:00:00,2022-12-28 10:00:00,LONG,1.06374,1.06184,-19.000000000000128,-69.76800000000048,turtle_exit,NONE,Monday,NA,0.0010458976970587168,42,IS
T18638,2022-12-28 15:00:00,2022-12-29 12:00:00,SHORT,1.06064,1.06823,-75.89999999999985,-188.76329999999965,turtle_exit,NONE,Wednesday,NA,0.0015804764243512247,21,IS
T18805,2023-01-06 14:00:00,2023-01-10 07:00:00,LONG,1.06466,1.0718599999999998,71.99999999999874,124.12799999999781,turtle_exit,NONE,Friday,NA,0.00227199047285262,89,IS
T18900,2023-01-12 13:00:00,2023-01-13 08:00:00,LONG,1.08568,1.0793,-63.80000000000052,-107.75820000000088,turtle_exit,NONE,Thursday,NA,0.002357460885927241,19,IS
T19050,2023-01-22 19:00:00,2023-01-24 09:00:00,LONG,1.0886099999999999,1.08415,-44.599999999999085,-105.70199999999782,turtle_exit,NONE,Sunday,NA,0.0016274144208471442,38,IS
T19236,2023-02-01 14:00:00,2023-02-03 08:00:00,LONG,1.0978999999999999,1.08391,-139.89999999999947,-294.34959999999893,turtle_exit,NONE,Wednesday,NA,0.001821473485037177,42,IS
T19284,2023-02-03 14:00:00,2023-02-07 12:00:00,SHORT,1.08031,1.07607,42.40000000000021,65.08400000000033,turtle_exit,NONE,Friday,NA,0.00243949981346632,94,IS
T19506,2023-02-16 20:00:00,2023-02-17 14:00:00,SHORT,1.0652000000000001,1.06966,-44.599999999999085,-108.37799999999778,turtle_exit,NONE,Thursday,NA,0.001515591695603014,18,IS
T19576,2023-02-22 13:00:00,2023-02-27 13:00:00,SHORT,1.0623,1.0607000000000002,15.999999999998238,39.903999999995605,turtle_exit,NONE,Wednesday,NA,0.0014521313730191882,120,IS
T19729,2023-03-07 13:00:00,2023-03-09 06:00:00,SHORT,1.05545,1.0571400000000002,-16.900000000001913,-34.20560000000388,turtle_exit,NONE,Tuesday,NA,0.001823466722451486,41,IS
T19916,2023-03-22 14:00:00,2023-03-24 03:00:00,LONG,1.08666,1.07792,-87.3999999999997,-176.3731999999994,turtle_exit,NONE,Wednesday,NA,0.0018208413711558627,37,IS
T20164,2023-04-12 13:00:00,2023-04-14 10:00:00,LONG,1.0995,1.10056,10.600000000000609,24.507200000001408,turtle_exit,NONE,Wednesday,NA,0.0015379634086086994,45,IS
T20287,2023-04-23 20:00:00,2023-04-25 11:00:00,LONG,1.09961,1.0968,-28.099999999999792,-68.50779999999949,turtle_exit,NONE,Sunday,NA,0.001457963134753996,39,IS
T20384,2023-05-01 13:00:00,2023-05-02 19:00:00,SHORT,1.0970600000000001,1.10112,-40.599999999999525,-86.11259999999899,turtle_exit,NONE,Monday,NA,0.001675485501400943,30,IS
T20419,2023-05-03 14:00:00,2023-05-05 08:00:00,LONG,1.10612,1.09754,-85.80000000000031,-178.20660000000066,turtle_exit,NONE,Wednesday,NA,0.0016928427902319948,42,IS
T20537,2023-05-12 12:00:00,2023-05-21 21:00:00,SHORT,1.08503,1.0825900000000002,24.399999999997757,56.19319999999484,turtle_exit,NONE,Friday,NA,0.0014777155769474216,225,IS
T20929,2023-06-14 12:00:00,2023-06-19 05:00:00,LONG,1.08636,1.0910099999999998,46.49999999999821,116.9474999999955,turtle_exit,NONE,Wednesday,NA,0.0013551063158613306,113,IS
T21012,2023-06-21 12:00:00,2023-06-22 21:00:00,LONG,1.09718,1.09462,-25.600000000001177,-64.998400000003,turtle_exit,NONE,Wednesday,NA,0.0013644981179768935,33,IS
T21114,2023-06-29 14:00:00,2023-07-07 08:00:00,SHORT,1.08656,1.0912400000000002,-46.80000000000239,-102.16440000000522,turtle_exit,NONE,Thursday,NA,0.0015896141620088935,186,IS
T21216,2023-07-07 13:00:00,2023-07-19 11:00:00,LONG,1.0968799999999999,1.1193199999999999,224.40000000000015,460.2444000000003,turtle_exit,NONE,Friday,NA,0.001673489315460203,286,IS
T21453,2023-07-27 14:00:00,2023-08-01 17:00:00,SHORT,1.09719,1.10185,-46.599999999998865,-80.33839999999805,turtle_exit,NONE,Thursday,NA,0.0021442961625232422,123,IS
T21707,2023-08-11 12:00:00,2023-08-15 05:00:00,SHORT,1.09451,1.0940800000000002,4.299999999999304,9.58039999999845,turtle_exit,NONE,Friday,NA,0.0016177178599152977,89,IS
T21782,2023-08-16 15:00:00,2023-08-17 08:00:00,SHORT,1.0873,1.09068,-33.8000000000016,-88.11660000000418,turtle_exit,NONE,Wednesday,NA,0.0013686121128161793,17,IS
T21804,2023-08-17 13:00:00,2023-08-21 03:00:00,SHORT,1.08597,1.0889000000000002,-29.300000000000992,-71.96080000000245,turtle_exit,NONE,Thursday,NA,0.0014412456924510714,86,IS
T21930,2023-08-24 19:00:00,2023-08-28 18:00:00,SHORT,1.0797700000000001,1.08261,-28.399999999999537,-82.33159999999864,turtle_exit,NONE,Thursday,NA,0.0011927635987491947,95,IS
T21995,2023-08-29 12:00:00,2023-08-31 05:00:00,LONG,1.0864,1.0873599999999999,9.599999999998499,22.713599999996447,turtle_exit,NONE,Tuesday,NA,0.0014677601038212544,41,IS
T22067,2023-09-01 12:00:00,2023-09-08 01:00:00,SHORT,1.07825,1.07244,58.09999999999871,125.20549999999722,turtle_exit,NONE,Friday,NA,0.0016267094072443383,157,IS
T22283,2023-09-14 12:00:00,2023-09-18 11:00:00,SHORT,1.06472,1.06945,-47.29999999999901,-106.28309999999779,turtle_exit,NONE,Thursday,NA,0.001583659804197907,95,IS
T22379,2023-09-20 12:00:00,2023-09-20 15:00:00,LONG,1.07364,1.06581,-78.30000000000003,-249.6204000000001,turtle_exit,NONE,Wednesday,NA,0.0010684454732594055,3,IS
T22386,2023-09-20 19:00:00,2023-09-26 08:00:00,SHORT,1.06485,1.0606200000000001,42.29999999999956,109.26089999999886,turtle_exit,NONE,Wednesday,NA,0.0012955492486711308,133,IS
T22477,2023-09-26 14:00:00,2023-09-28 10:00:00,SHORT,1.0565,1.0563300000000002,1.6999999999978144,4.778699999993857,turtle_exit,NONE,Tuesday,NA,0.0012011620002077427,44,IS
T22571,2023-10-02 12:00:00,2023-10-04 04:00:00,SHORT,1.0487900000000001,1.04865,1.40000000000029,3.2592000000006753,turtle_exit,NONE,Monday,NA,0.0014730013554820913,40,IS
T22645,2023-10-05 14:00:00,2023-10-06 08:00:00,LONG,1.05521,1.04957,-56.400000000000894,-129.88920000000206,turtle_exit,NONE,Thursday,NA,0.0014908065843080138,18,IS
T22764,2023-10-12 13:00:00,2023-10-16 10:00:00,SHORT,1.05331,1.05502,-17.100000000001003,-38.560500000002264,turtle_exit,NONE,Thursday,NA,0.0014960900315320366,93,IS
T22883,2023-10-19 12:00:00,2023-10-24 08:00:00,LONG,1.05976,1.0615299999999999,17.699999999998273,41.329499999995974,turtle_exit,NONE,Thursday,NA,0.001433433183506961,116,IS
T22987,2023-10-25 20:00:00,2023-10-27 00:00:00,SHORT,1.05583,1.0567600000000001,-9.300000000000974,-29.09040000000305,turtle_exit,NONE,Wednesday,NA,0.00104989934965592,28,IS
T23317,2023-11-14 14:00:00,2023-11-15 09:00:00,LONG,1.08827,1.0835499999999998,-47.200000000002795,-99.35600000000589,turtle_exit,NONE,Tuesday,NA,0.0016038834998008608,19,IS
T23388,2023-11-17 13:00:00,2023-11-21 10:00:00,LONG,1.0904399999999999,1.0933599999999999,29.200000000000337,67.77320000000078,turtle_exit,NONE,Friday,NA,0.0014232593525719086,93,IS
T23508,2023-11-24 13:00:00,2023-11-30 02:00:00,LONG,1.0948799999999999,1.09509,2.100000000000435,6.398700000001325,turtle_exit,NONE,Friday,NA,0.001070447640590619,133,IS
T23701,2023-12-06 14:00:00,2023-12-07 12:00:00,SHORT,1.07671,1.08142,-47.099999999999916,-117.79709999999979,turtle_exit,NONE,Wednesday,NA,0.0013283967363485962,22,IS
T23821,2023-12-13 14:00:00,2023-12-15 07:00:00,LONG,1.08891,1.0942699999999999,53.59999999999809,108.00399999999617,turtle_exit,NONE,Wednesday,NA,0.0016447861642007273,41,IS
T23966,2023-12-21 15:00:00,2023-12-28 08:00:00,LONG,1.1004099999999999,1.10727,68.60000000000088,170.6768000000022,turtle_exit,NONE,Thursday,NA,0.0013336442872631461,161,IS
T24101,2024-01-01 21:00:00,2024-01-04 03:00:00,SHORT,1.10174,1.0953700000000002,63.699999999997644,157.65749999999417,turtle_exit,NONE,Monday,NA,0.0013755784877071873,54,IS
T24268,2024-01-10 20:00:00,2024-01-11 08:00:00,LONG,1.09801,1.0938899999999998,-41.20000000000123,-137.60800000000415,turtle_exit,NONE,Wednesday,NA,0.0010160447074628453,12,IS
T24338,2024-01-15 19:00:00,2024-01-17 18:00:00,SHORT,1.09183,1.0886500000000001,31.799999999999606,99.91559999999876,turtle_exit,NONE,Monday,NA,0.0010647396200375299,47,IS
T24790,2024-02-11 19:00:00,2024-02-13 08:00:00,LONG,1.07999,1.07079,-92.00000000000097,-329.82000000000346,turtle_exit,NONE,Sunday,NA,0.0009340283272649424,37,IS
T24904,2024-02-16 13:00:00,2024-02-19 09:00:00,LONG,1.07863,1.0765799999999999,-20.500000000001073,-58.81450000000308,turtle_exit,NONE,Friday,NA,0.0011359051762634938,68,IS
T25240,2024-03-07 13:00:00,2024-03-11 07:00:00,LONG,1.09435,1.09289,-14.600000000000168,-39.317800000000446,turtle_exit,NONE,Thursday,NA,0.0012062329408722013,90,IS
T25336,2024-03-13 12:00:00,2024-03-14 07:00:00,LONG,1.09584,1.09293,-29.09999999999968,-104.17799999999885,turtle_exit,NONE,Wednesday,NA,0.0008758464552122153,19,IS
T25367,2024-03-14 19:00:00,2024-03-18 04:00:00,SHORT,1.08766,1.08997,-23.100000000000342,-85.10040000000126,turtle_exit,NONE,Thursday,NA,0.0008339555543017869,81,IS
T25408,2024-03-18 12:00:00,2024-03-19 21:00:00,SHORT,1.0867200000000001,1.0869300000000002,-2.100000000000435,-8.16480000000169,turtle_exit,NONE,Monday,NA,0.0007737543382706494,33,IS
T25457,2024-03-20 13:00:00,2024-03-21 10:00:00,LONG,1.09157,1.0859899999999998,-55.800000000001404,-177.3324000000045,turtle_exit,NONE,Wednesday,NA,0.0009688403580631774,21,IS
T25505,2024-03-22 13:00:00,2024-03-25 06:00:00,SHORT,1.08027,1.0828900000000001,-26.200000000000667,-74.01500000000188,turtle_exit,NONE,Friday,NA,0.0010716982223513988,65,IS
T25700,2024-04-03 18:00:00,2024-04-04 15:00:00,LONG,1.08389,1.08331,-5.800000000000249,-19.273400000000827,turtle_exit,NONE,Wednesday,NA,0.0008841155626509645,21,IS
T25894,2024-04-15 20:00:00,2024-04-17 13:00:00,SHORT,1.0617,1.0668700000000002,-51.70000000000119,-141.45120000000327,turtle_exit,NONE,Monday,NA,0.0010925782828038045,41,IS
T26153,2024-04-30 15:00:00,2024-05-01 14:00:00,SHORT,1.06712,1.07288,-57.59999999999987,-132.8255999999997,turtle_exit,NONE,Tuesday,NA,0.0012853484970687926,23,IS
T26415,2024-05-15 13:00:00,2024-05-16 09:00:00,LONG,1.08812,1.08554,-25.800000000000267,-64.73220000000067,turtle_exit,NONE,Wednesday,NA,0.0011467060959064902,20,IS
T26536,2024-05-22 14:00:00,2024-05-23 07:00:00,SHORT,1.082,1.0851000000000002,-31.000000000001027,-97.09200000000321,turtle_exit,NONE,Wednesday,NA,0.0008873184486507017,17,IS
T26559,2024-05-23 13:00:00,2024-05-24 08:00:00,SHORT,1.08104,1.0851700000000002,-41.30000000000189,-111.13830000000509,turtle_exit,NONE,Thursday,NA,0.0010318732271905656,19,IS
T26656,2024-05-29 14:00:00,2024-05-30 08:00:00,SHORT,1.08046,1.08294,-24.800000000000377,-64.70320000000099,turtle_exit,NONE,Wednesday,NA,0.0010463328454926248,18,IS
T26728,2024-06-03 14:00:00,2024-06-04 07:00:00,LONG,1.08985,1.0860999999999998,-37.50000000000142,-94.31250000000357,turtle_exit,NONE,Monday,NA,0.0010764434406573308,17,IS
T26825,2024-06-07 15:00:00,2024-06-12 06:00:00,SHORT,1.07989,1.0759100000000001,39.799999999998725,95.75879999999692,turtle_exit,NONE,Friday,NA,0.0011100919964275213,111,IS
T27190,2024-06-30 20:00:00,2024-07-02 03:00:00,LONG,1.07469,1.0717599999999998,-29.300000000000992,-69.73400000000235,turtle_exit,NONE,Sunday,NA,0.001143632065511407,31,IS
T27950,2024-08-13 12:00:00,2024-08-15 08:00:00,LONG,1.09736,1.0955899999999998,-17.700000000000493,-47.48910000000132,turtle_exit,NONE,Tuesday,NA,0.0009895765828192048,44,IS
T28047,2024-08-19 13:00:00,2024-08-22 09:00:00,LONG,1.10782,1.1118299999999999,40.09999999999847,106.42539999999596,turtle_exit,NONE,Monday,NA,0.0009925974386014722,68,IS
T28262,2024-08-30 12:00:00,2024-09-04 10:00:00,SHORT,1.10481,1.1090300000000002,-42.200000000001125,-90.2236000000024,turtle_exit,NONE,Friday,NA,0.0012823708122567787,118,IS
T28414,2024-09-09 20:00:00,2024-09-11 00:00:00,SHORT,1.10295,1.1047,-17.499999999999183,-46.11249999999785,turtle_exit,NONE,Monday,NA,0.0010038559414681306,28,IS
T28479,2024-09-12 13:00:00,2024-09-17 09:00:00,LONG,1.10577,1.1112399999999998,54.69999999999864,133.90559999999667,turtle_exit,NONE,Thursday,NA,0.0010790292747853694,116,IS
T28576,2024-09-18 14:00:00,2024-09-18 15:00:00,LONG,1.1150499999999999,1.1105099999999999,-45.399999999999885,-95.83939999999976,turtle_exit,NONE,Wednesday,NA,0.0012996987499238758,1,IS
T28582,2024-09-18 20:00:00,2024-09-24 10:00:00,SHORT,1.10802,1.1151200000000001,-71.00000000000107,-126.02500000000187,turtle_exit,NONE,Wednesday,NA,0.001538907141636979,134,IS
T28676,2024-09-24 18:00:00,2024-09-25 11:00:00,LONG,1.11899,1.1142699999999999,-47.20000000000057,-110.16480000000135,turtle_exit,NONE,Tuesday,NA,0.0011182598214429336,17,IS
T28790,2024-10-01 12:00:00,2024-10-08 03:00:00,SHORT,1.1053,1.09956,57.39999999999856,91.7251999999977,turtle_exit,NONE,Tuesday,NA,0.0016471113050638992,159,IS
T28935,2024-10-09 13:00:00,2024-10-18 08:00:00,SHORT,1.0937700000000001,1.08596,78.10000000000095,208.13650000000254,turtle_exit,NONE,Wednesday,NA,0.0009623737901912411,211,IS
T29152,2024-10-22 14:00:00,2024-10-24 00:00:00,SHORT,1.07986,1.07936,4.999999999999449,14.469999999998405,turtle_exit,NONE,Tuesday,NA,0.0009140384804354132,34,IS
T29295,2024-10-30 13:00:00,2024-11-01 10:00:00,LONG,1.08705,1.08479,-22.600000000001508,-48.70300000000325,turtle_exit,NONE,Wednesday,NA,0.0012671821921869698,45,IS
T29398,2024-11-05 21:00:00,2024-11-07 07:00:00,SHORT,1.0761100000000001,1.0775700000000001,-14.600000000000168,-21.243000000000244,turtle_exit,NONE,Tuesday,NA,0.0019100676101141427,34,IS
T29542,2024-11-13 21:00:00,2024-11-18 11:00:00,SHORT,1.0548,1.0586300000000002,-38.30000000000222,-69.59110000000403,turtle_exit,NONE,Wednesday,NA,0.0015030991355122366,110,IS
T29830,2024-12-01 21:00:00,2024-12-04 10:00:00,SHORT,1.0524,1.05299,-5.9000000000009045,-10.720300000001643,turtle_exit,NONE,Sunday,NA,0.0014832652096769352,61,IS
T30046,2024-12-12 21:00:00,2024-12-16 19:00:00,SHORT,1.04593,1.05292,-69.90000000000052,-116.52330000000086,turtle_exit,NONE,Thursday,NA,0.0016232857256508922,94,IS
T30092,2024-12-16 19:00:00,2024-12-18 10:00:00,LONG,1.053,1.0473299999999999,-56.700000000000635,-104.89500000000118,turtle_exit,NONE,Monday,NA,0.0014209799871624212,39,IS
T30135,2024-12-18 14:00:00,2024-12-20 08:00:00,SHORT,1.0376100000000001,1.04078,-31.69999999999895,-47.35979999999843,turtle_exit,NONE,Wednesday,NA,0.0017492553896300998,42,IS
T30870,2025-02-02 19:00:00,2025-02-03 16:00:00,SHORT,1.02303,1.0343,-112.69999999999891,-106.05069999999898,turtle_exit,NONE,Sunday,NA,0.0028140298334199693,21,IS
T31082,2025-02-13 15:00:00,2025-02-17 20:00:00,LONG,1.04627,1.0465399999999998,2.6999999999977042,3.2264999999972566,turtle_exit,NONE,Thursday,NA,0.002149964046558266,101,IS
T31200,2025-02-20 13:00:00,2025-02-21 07:00:00,LONG,1.0499,1.0461399999999998,-37.600000000002076,-70.53760000000389,turtle_exit,NONE,Thursday,NA,0.0013320534530408073,18,IS
T228,2025-03-11 12:00:00,2025-03-12 07:00:00,LONG,1.09354,1.08775,-57.899999999999615,-136.7597999999991,turtle_exit,NONE,Tuesday,NA,0.002011653614143264,19,OOS
T492,2025-03-26 12:00:00,2025-03-28 08:00:00,SHORT,1.07552,1.08108,-55.600000000000094,-174.63960000000029,turtle_exit,NONE,Wednesday,NA,0.001465258672666698,44,OOS
T761,2025-04-10 19:00:00,2025-04-15 08:00:00,LONG,1.12589,1.1312,53.099999999999255,66.53429999999906,turtle_exit,NONE,Thursday,NA,0.003761623645806713,109,OOS
T904,2025-04-20 18:00:00,2025-04-22 08:00:00,LONG,1.14336,1.14695,35.89999999999982,108.23849999999945,turtle_exit,NONE,Sunday,NA,0.0015126098929836404,38,OOS
T952,2025-04-22 18:00:00,2025-05-02 05:00:00,SHORT,1.13355,1.13508,-15.300000000000313,-27.065700000000554,turtle_exit,NONE,Tuesday,NA,0.002682010814275273,227,OOS
T1234,2025-05-08 12:00:00,2025-05-13 08:00:00,SHORT,1.12246,1.1130900000000001,93.69999999999878,192.4597999999975,turtle_exit,NONE,Thursday,NA,0.0022897007837542815,116,OOS
T1433,2025-05-20 19:00:00,2025-05-22 05:00:00,LONG,1.12894,1.12937,4.299999999999304,13.41599999999783,turtle_exit,NONE,Tuesday,NA,0.0015021586260394624,34,OOS
T1506,2025-05-25 20:00:00,2025-05-27 02:00:00,LONG,1.13981,1.13645,-33.60000000000029,-82.62240000000074,turtle_exit,NONE,Sunday,NA,0.00193647893300924,30,OOS
T1577,2025-05-28 19:00:00,2025-05-29 08:00:00,SHORT,1.12283,1.1349900000000002,-121.6000000000017,-334.6432000000047,turtle_exit,NONE,Wednesday,NA,0.0017049189593965942,13,OOS
T1649,2025-06-02 19:00:00,2025-06-03 06:00:00,LONG,1.14544,1.13971,-57.300000000000125,-165.59700000000035,turtle_exit,NONE,Monday,NA,0.0015604944540348492,11,OOS
T1811,2025-06-11 13:00:00,2025-06-13 06:00:00,LONG,1.1498599999999999,1.15041,5.5000000000005045,15.070000000001382,turtle_exit,NONE,Wednesday,NA,0.0016212484632062343,41,OOS
T1907,2025-06-17 13:00:00,2025-06-19 15:00:00,SHORT,1.1485,1.14979,-12.900000000000134,-30.10860000000031,turtle_exit,NONE,Tuesday,NA,0.0019246832161417045,50,OOS
T1978,2025-06-20 12:00:00,2025-06-22 17:00:00,LONG,1.15371,1.14706,-66.50000000000044,-197.50500000000133,turtle_exit,NONE,Friday,NA,0.0014851144880808243,53,OOS
T2003,2025-06-23 13:00:00,2025-07-01 12:00:00,LONG,1.15704,1.17647,194.29999999999836,382.3823999999968,turtle_exit,NONE,Monday,NA,0.0022441958946900773,191,OOS
T2242,2025-07-07 12:00:00,2025-07-08 03:00:00,SHORT,1.16926,1.1760400000000002,-67.8000000000023,-212.68860000000723,turtle_exit,NONE,Monday,NA,0.0014295829413589016,15,OOS
T2386,2025-07-15 12:00:00,2025-07-16 11:00:00,SHORT,1.15947,1.16291,-34.40000000000109,-97.79920000000313,turtle_exit,NONE,Tuesday,NA,0.0015511198851010503,23,OOS
T2506,2025-07-22 12:00:00,2025-07-24 08:00:00,LONG,1.17561,1.1735499999999999,-20.600000000001728,-60.70820000000509,turtle_exit,NONE,Tuesday,NA,0.0014761466173638554,44,OOS
T2602,2025-07-28 12:00:00,2025-08-01 08:00:00,SHORT,1.15978,1.15456,52.200000000000024,126.01080000000006,turtle_exit,NONE,Monday,NA,0.0018126959287546362,92,OOS
T2771,2025-08-06 13:00:00,2025-08-07 10:00:00,LONG,1.16503,1.1623599999999998,-26.700000000001722,-73.85220000000476,turtle_exit,NONE,Wednesday,NA,0.001591326957749223,21,OOS
T2994,2025-08-19 20:00:00,2025-08-20 08:00:00,SHORT,1.16374,1.1671500000000001,-34.10000000000135,-135.85440000000537,turtle_exit,NONE,Tuesday,NA,0.001063515030270539,12,OOS
T3059,2025-08-22 13:00:00,2025-08-25 11:00:00,LONG,1.1738,1.1668699999999999,-69.30000000000102,-174.2202000000026,turtle_exit,NONE,Friday,NA,0.0017195326696270627,70,OOS
T3154,2025-08-28 12:00:00,2025-09-02 03:00:00,LONG,1.16906,1.1645299999999998,-45.30000000000145,-132.18540000000425,turtle_exit,NONE,Thursday,NA,0.0014372866786382143,111,OOS
T3324,2025-09-08 14:00:00,2025-09-09 11:00:00,LONG,1.17624,1.1721499999999998,-40.90000000000149,-120.98220000000441,turtle_exit,NONE,Monday,NA,0.0013941071806731955,21,OOS
T3466,2025-09-16 12:00:00,2025-09-17 16:00:00,LONG,1.18657,1.1811699999999998,-54.00000000000071,-150.01200000000196,turtle_exit,NONE,Tuesday,NA,0.0014690603852141099,28,OOS
T3570,2025-09-22 20:00:00,2025-09-24 04:00:00,LONG,1.18075,1.17712,-36.30000000000022,-126.39660000000076,turtle_exit,NONE,Monday,NA,0.0011295166820453186,32,OOS
T3635,2025-09-25 13:00:00,2025-09-26 15:00:00,SHORT,1.16561,1.1706200000000002,-50.100000000001806,-137.22390000000493,turtle_exit,NONE,Thursday,NA,0.001441426374652169,26,OOS
T3829,2025-10-07 15:00:00,2025-10-10 11:00:00,SHORT,1.16487,1.1612900000000002,35.799999999999166,108.76039999999746,turtle_exit,NONE,Tuesday,NA,0.0012664678053711687,68,OOS
T3978,2025-10-15 20:00:00,2025-10-17 16:00:00,LONG,1.16645,1.1650399999999999,-14.100000000001334,-44.133000000004174,turtle_exit,NONE,Wednesday,NA,0.0012435972241792016,44,OOS
T4043,2025-10-20 13:00:00,2025-10-22 12:00:00,SHORT,1.1642000000000001,1.1620100000000002,21.899999999999142,73.6715999999971,turtle_exit,NONE,Monday,NA,0.0011430710442482436,47,OOS
T4170,2025-10-27 19:00:00,2025-10-29 03:00:00,LONG,1.16567,1.1622599999999998,-34.10000000000135,-138.3778000000055,turtle_exit,NONE,Monday,NA,0.0009388382473263772,32,OOS
T4212,2025-10-29 13:00:00,2025-11-05 18:00:00,SHORT,1.15928,1.14962,96.60000000000001,252.70560000000006,turtle_exit,NONE,Wednesday,NA,0.0014879385893060736,173,OOS
T4572,2025-11-19 14:00:00,2025-11-24 05:00:00,SHORT,1.15196,1.15413,-21.700000000000053,-71.84870000000016,turtle_exit,NONE,Wednesday,NA,0.001191468482069379,111,OOS
T4698,2025-11-26 20:00:00,2025-11-28 03:00:00,LONG,1.16105,1.15688,-41.70000000000007,-136.27560000000022,turtle_exit,NONE,Wednesday,NA,0.001197819979976521,31,OOS
T4932,2025-12-10 14:00:00,2025-12-16 23:00:00,LONG,1.16795,1.17291,49.59999999999853,167.20159999999507,turtle_exit,NONE,Wednesday,NA,0.0011376496554536038,153,OOS
T5130,2025-12-22 20:00:00,2025-12-24 17:00:00,LONG,1.1774,1.17709,-3.1000000000003247,-11.969100000001253,turtle_exit,NONE,Monday,NA,0.0010017192026378853,45,OOS
T5255,2025-12-30 15:00:00,2026-01-01 20:00:00,SHORT,1.17424,1.1761300000000001,-18.900000000001693,-72.48150000000649,turtle_exit,NONE,Tuesday,NA,0.0010075707761232956,53,OOS
T5309,2026-01-04 21:00:00,2026-01-05 13:00:00,SHORT,1.16872,1.1725500000000002,-38.30000000000222,-131.56050000000764,turtle_exit,NONE,Sunday,NA,0.0011266344068077436,16,OOS
T5640,2026-01-22 16:00:00,2026-01-28 08:00:00,LONG,1.17556,1.1957099999999998,201.4999999999989,627.2694999999966,turtle_exit,NONE,Thursday,NA,0.0012328572180572179,136,OOS
T5783,2026-01-30 15:00:00,2026-02-03 23:00:00,SHORT,1.18513,1.1835900000000001,15.399999999998748,28.181999999997707,turtle_exit,NONE,Friday,NA,0.00234216953453032,104,OOS
T5880,2026-02-05 16:00:00,2026-02-06 08:00:00,SHORT,1.17756,1.1810800000000001,-35.20000000000189,-107.8880000000058,turtle_exit,NONE,Thursday,NA,0.0013605707618380713,16,OOS
T5907,2026-02-08 19:00:00,2026-02-10 07:00:00,LONG,1.18319,1.1892299999999998,60.39999999999823,225.59399999999343,turtle_exit,NONE,Sunday,NA,0.001083369264512408,36,OOS
T6051,2026-02-16 19:00:00,2026-02-17 16:00:00,SHORT,1.1842300000000001,1.18554,-13.099999999999223,-64.87119999999615,turtle_exit,NONE,Monday,NA,0.0008139549265387102,21,OOS
T6093,2026-02-18 13:00:00,2026-02-20 10:00:00,SHORT,1.1789100000000001,1.1788500000000002,0.5999999999994898,2.2265999999981068,turtle_exit,NONE,Wednesday,NA,0.0011126007765307016,45,OOS
T6219,2026-02-25 19:00:00,2026-02-26 12:00:00,LONG,1.18202,1.1775499999999999,-44.70000000000196,-186.26490000000817,turtle_exit,NONE,Wednesday,NA,0.0009796232386925854,17,OOS
T6387,2026-03-08 18:00:00,2026-03-09 14:00:00,SHORT,1.1523,1.1609200000000002,-86.20000000000071,-167.91760000000139,turtle_exit,NONE,Sunday,NA,0.0021672189178243086,20,OOS
T6459,2026-03-11 18:00:00,2026-03-16 06:00:00,SHORT,1.15412,1.14798,61.40000000000034,149.50900000000084,turtle_exit,NONE,Wednesday,NA,0.0016782610456227392,108,OOS
T6576,2026-03-18 15:00:00,2026-03-19 12:00:00,SHORT,1.14504,1.15606,-110.20000000000029,-266.2432000000007,turtle_exit,NONE,Wednesday,NA,0.001723450491599925,21,OOS
T6597,2026-03-19 12:00:00,2026-03-20 09:00:00,LONG,1.15614,1.15342,-27.200000000000557,-51.68000000000106,turtle_exit,NONE,Thursday,NA,0.0021496375080572025,21,OOS
T6719,2026-03-26 14:00:00,2026-03-31 07:00:00,SHORT,1.15205,1.1491500000000001,28.999999999999027,77.02399999999741,turtle_exit,NONE,Thursday,NA,0.0014983197310180587,113,OOS
T6794,2026-03-31 19:00:00,2026-04-01 21:00:00,LONG,1.15749,1.1552,-22.899999999999032,-57.43319999999758,turtle_exit,NONE,Tuesday,NA,0.0016085596635767585,26,OOS
T6910,2026-04-07 15:00:00,2026-04-12 17:00:00,LONG,1.15961,1.1669699999999998,73.5999999999981,217.19359999999443,turtle_exit,NONE,Tuesday,NA,0.0013413964105618555,122,OOS
T7005,2026-04-13 14:00:00,2026-04-16 09:00:00,LONG,1.17656,1.17719,6.299999999999084,17.31869999999748,turtle_exit,NONE,Monday,NA,0.0014869811068710104,67,OOS
T7173,2026-04-22 14:00:00,2026-04-26 21:00:00,SHORT,1.17075,1.1724800000000002,-17.300000000002314,-55.63680000000744,turtle_exit,NONE,Wednesday,NA,0.001258495620056128,103,OOS
T7293,2026-04-29 14:00:00,2026-04-30 06:00:00,SHORT,1.16707,1.1715200000000001,-44.50000000000065,-148.18500000000216,turtle_exit,NONE,Wednesday,NA,0.0012035041965668656,16,OOS
T7317,2026-04-30 14:00:00,2026-05-01 16:00:00,LONG,1.17377,1.1716399999999998,-21.300000000001873,-57.29700000000504,turtle_exit,NONE,Thursday,NA,0.001487369834925002,26,OOS
T7555,2026-05-14 15:00:00,2026-05-18 04:00:00,SHORT,1.16693,1.16419,27.399999999999647,115.54579999999851,turtle_exit,NONE,Thursday,NA,0.0009041104778505123,85,OOS
